# STN,Day,HH,   FH,   RH,    R,    O,    T,    Q,Gusts,Rain,Storms,Temp,Sunshine
240,1,1,60,5,1,0,146,0,,Rain,,Cold,
240,1,2,60,2,1,0,146,0,,Rain,,Cold,
240,1,3,50,0,0,0,146,0,,,,Cold,
240,1,4,60,0,0,0,145,0,,,,Cold,
240,1,5,60,-1,1,0,143,2,,Rain,,Cold,
240,1,6,60,4,1,0,144,16,,Rain,,Cold,
240,1,7,60,1,1,0,147,26,,Rain,,Cold,
240,1,8,60,-1,1,0,153,51,,Rain,,Cold,
240,1,9,60,0,0,0,151,52,,,,Cold,
240,1,10,70,0,0,0,154,55,,,,Cold,
240,1,11,60,0,0,0,158,86,,,,Cold,Sunny
240,1,12,60,0,0,0,158,74,,,,Cold,Sunny
240,1,13,60,0,0,0,159,63,,,,Cold,
240,1,14,60,0,0,0,157,49,,,,Cold,
240,1,15,70,0,0,0,157,61,,,,Cold,
240,1,16,60,0,0,0,154,36,,,,Cold,
240,1,17,60,0,0,0,150,24,,,,Cold,
240,1,18,60,0,0,0,146,17,,,,Cold,
240,1,19,60,0,0,0,142,7,,,,Cold,
240,1,20,60,0,0,0,140,1,,,,Cold,
240,1,21,60,0,0,0,138,0,,,,Cold,
240,1,22,60,0,0,0,137,0,,,,Cold,
240,1,23,60,0,0,0,135,0,,,,Cold,
240,1,24,60,0,0,0,132,0,,,,Cold,
240,2,1,60,0,0,0,130,0,,,,Cold,
240,2,2,40,0,0,0,129,0,,,,Cold,
240,2,3,40,0,0,0,129,0,,,,Cold,
240,2,4,40,0,0,0,129,2,,,,Cold,
240,2,5,50,0,0,0,132,15,,,,Cold,
240,2,6,50,0,0,0,134,20,,,,Cold,
240,2,7,50,0,0,0,136,37,,,,Cold,
240,2,8,50,0,0,0,140,63,,,,Cold,
240,2,9,50,0,0,0,144,80,,,,Cold,Sunny
240,2,10,50,0,0,0,148,184,,,,Cold,Sunny
240,2,11,60,0,0,0,166,271,,,,Cold,Sunny
240,2,12,60,0,0,0,159,254,,,,Cold,Sunny
240,2,13,60,0,0,0,162,271,,,,Cold,Sunny
240,2,14,60,0,0,0,161,227,,,,Cold,Sunny
240,2,15,60,0,0,0,154,182,,,,Cold,Sunny
240,2,16,60,0,0,0,149,168,,,,Cold,Sunny
240,2,17,60,0,0,0,141,60,,,,Cold,
240,2,18,60,0,0,0,137,39,,,,Cold,
240,2,19,50,0,0,0,134,13,,,,Cold,
240,2,20,50,0,0,0,130,2,,,,Cold,
240,2,21,30,0,0,0,130,0,,,,Cold,
240,2,22,30,0,0,0,124,0,,,,Cold,
240,2,23,20,0,0,0,104,0,,,,Cold,
240,2,24,20,0,0,0,95,0,,,,Cold,
240,3,1,20,0,0,0,102,0,,,,Cold,
240,3,2,20,0,0,0,104,0,,,,Cold,
240,3,3,10,0,0,0,113,0,,,,Cold,
240,3,4,10,0,0,0,112,2,,,,Cold,
240,3,5,10,0,0,0,123,15,,,,Cold,
240,3,6,20,0,0,0,132,58,,,,Cold,
240,3,7,20,0,0,0,131,41,,,,Cold,
240,3,8,20,0,0,0,144,122,,,,Cold,Sunny
240,3,9,20,0,0,0,152,94,,,,Cold,Sunny
240,3,10,20,0,0,0,145,92,,,,Cold,Sunny
240,3,11,40,0,0,0,155,101,,,,Cold,Sunny
240,3,12,40,0,0,0,165,215,,,,Cold,Sunny
240,3,13,40,0,0,0,158,131,,,,Cold,Sunny
240,3,14,40,0,0,0,162,131,,,,Cold,Sunny
240,3,15,40,0,0,0,164,130,,,,Cold,Sunny
240,3,16,30,0,0,0,163,87,,,,Cold,Sunny
240,3,17,30,0,0,0,162,68,,,,Cold,Sunny
240,3,18,40,0,0,0,155,49,,,,Cold,
240,3,19,30,0,0,0,149,21,,,,Cold,
240,3,20,30,0,0,0,143,4,,,,Cold,
240,3,21,20,0,0,0,141,0,,,,Cold,
240,3,22,20,0,0,0,142,0,,,,Cold,
240,3,23,20,0,0,0,140,0,,,,Cold,
240,3,24,20,0,0,0,126,0,,,,Cold,
240,4,1,10,0,0,0,121,0,,,,Cold,
240,4,2,0,0,0,0,120,0,,,,Cold,
240,4,3,20,0,0,0,116,0,,,,Cold,
240,4,4,10,0,0,0,122,2,,,,Cold,
240,4,5,20,0,0,0,136,12,,,,Cold,
240,4,6,20,0,0,0,142,19,,,,Cold,
240,4,7,20,0,0,0,154,42,,,,Cold,
240,4,8,40,0,0,0,168,119,,,,Cold,Sunny
240,4,9,50,0,0,0,173,112,,,,Cold,Sunny
240,4,10,50,0,0,0,174,88,,,,Cold,Sunny
240,4,11,60,0,0,0,197,211,,,,Cold,Sunny
240,4,12,70,0,0,0,189,116,,,,Cold,Sunny
240,4,13,60,0,0,0,201,148,,,,Warm,Sunny
240,4,14,60,0,0,0,203,97,,,,Warm,Sunny
240,4,15,70,0,0,0,209,170,,,,Warm,Sunny
240,4,16,70,0,0,0,205,95,,,,Warm,Sunny
240,4,17,80,0,0,0,176,31,Heavy Wind,,,Cold,
240,4,18,70,16,1,0,167,16,,Rain,,Cold,
240,4,19,60,-1,1,0,171,13,,Rain,,Cold,
240,4,20,70,0,0,0,161,3,,,,Cold,
240,4,21,90,0,0,0,154,0,Heavy Wind,,,Cold,
240,4,22,70,5,1,0,146,0,,Rain,,Cold,
240,4,23,70,14,1,0,147,0,,Rain,,Cold,
240,4,24,80,3,1,0,113,0,Heavy Wind,Rain,,Cold,
240,5,1,60,-1,1,0,107,0,,Rain,,Cold,
240,5,2,20,-1,1,0,109,0,,Rain,,Cold,
240,5,3,30,-1,1,0,107,0,,Rain,,Cold,
240,5,4,30,-1,1,0,112,3,,Rain,,Cold,
240,5,5,30,0,0,0,117,19,,,,Cold,
240,5,6,40,0,0,0,125,69,,,,Cold,Sunny
240,5,7,50,0,0,0,133,114,,,,Cold,Sunny
240,5,8,60,0,0,0,141,174,,,,Cold,Sunny
240,5,9,60,0,0,0,142,213,,,,Cold,Sunny
240,5,10,60,0,0,0,142,236,,,,Cold,Sunny
240,5,11,60,0,0,0,144,315,,,,Cold,Sunny
240,5,12,70,0,0,0,145,299,,,,Cold,Sunny
240,5,13,80,0,0,0,148,282,Heavy Wind,,,Cold,Sunny
240,5,14,70,0,0,0,146,301,,,,Cold,Sunny
240,5,15,70,0,0,0,142,244,,,,Cold,Sunny
240,5,16,60,0,0,0,143,208,,,,Cold,Sunny
240,5,17,50,0,0,0,142,145,,,,Cold,Sunny
240,5,18,50,0,0,0,137,101,,,,Cold,Sunny
240,5,19,50,0,0,0,131,47,,,,Cold,
240,5,20,40,0,0,0,125,9,,,,Cold,
240,5,21,40,0,0,0,116,0,,,,Cold,
240,5,22,20,0,0,0,106,0,,,,Cold,
240,5,23,20,0,0,0,95,0,,,,Cold,
240,5,24,30,0,0,0,97,0,,,,Cold,
240,6,1,30,0,0,0,99,0,,,,Cold,
240,6,2,20,0,0,0,100,0,,,,Cold,
240,6,3,20,0,0,0,97,0,,,,Cold,
240,6,4,30,0,0,0,104,2,,,,Cold,
240,6,5,30,0,0,0,110,15,,,,Cold,
240,6,6,30,0,0,0,128,62,,,,Cold,
240,6,7,40,0,0,0,150,111,,,,Cold,Sunny
240,6,8,40,0,0,0,154,165,,,,Cold,Sunny
240,6,9,50,0,0,0,140,75,,,,Cold,Sunny
240,6,10,30,0,0,0,148,102,,,,Cold,Sunny
240,6,11,20,0,0,0,148,119,,,,Cold,Sunny
240,6,12,40,0,0,0,152,52,,,,Cold,
240,6,13,50,0,0,0,168,206,,,,Cold,Sunny
240,6,14,50,0,0,0,168,294,,,,Cold,Sunny
240,6,15,50,0,0,0,164,263,,,,Cold,Sunny
240,6,16,50,0,0,0,162,218,,,,Cold,Sunny
240,6,17,50,0,0,0,155,160,,,,Cold,Sunny
240,6,18,50,0,0,0,145,98,,,,Cold,Sunny
240,6,19,30,0,0,0,135,39,,,,Cold,
240,6,20,20,0,0,0,123,7,,,,Cold,
240,6,21,10,0,0,0,120,0,,,,Cold,
240,6,22,0,0,0,0,111,0,,,,Cold,
240,6,23,10,0,0,0,109,0,,,,Cold,
240,6,24,20,0,0,0,113,0,,,,Cold,
240,7,1,20,0,0,0,109,0,,,,Cold,
240,7,2,30,0,0,0,112,0,,,,Cold,
240,7,3,30,0,0,0,103,0,,,,Cold,
240,7,4,30,0,0,0,106,2,,,,Cold,
240,7,5,40,0,0,0,118,31,,,,Cold,
240,7,6,40,0,0,0,138,77,,,,Cold,Sunny
240,7,7,40,0,0,0,150,127,,,,Cold,Sunny
240,7,8,50,0,0,0,165,145,,,,Cold,Sunny
240,7,9,50,0,0,0,160,93,,,,Cold,Sunny
240,7,10,60,0,0,0,166,114,,,,Cold,Sunny
240,7,11,70,0,0,0,180,209,,,,Cold,Sunny
240,7,12,70,0,0,0,179,334,,,,Cold,Sunny
240,7,13,70,0,0,0,179,322,,,,Cold,Sunny
240,7,14,70,0,0,0,177,298,,,,Cold,Sunny
240,7,15,60,0,0,0,174,263,,,,Cold,Sunny
240,7,16,60,0,0,0,172,214,,,,Cold,Sunny
240,7,17,60,0,0,0,169,161,,,,Cold,Sunny
240,7,18,60,0,0,0,161,104,,,,Cold,Sunny
240,7,19,50,0,0,0,150,43,,,,Cold,
240,7,20,50,0,0,0,141,4,,,,Cold,
240,7,21,30,0,0,0,126,0,,,,Cold,
240,7,22,20,0,0,0,118,0,,,,Cold,
240,7,23,40,0,0,0,118,0,,,,Cold,
240,7,24,40,0,0,0,113,0,,,,Cold,
240,8,1,40,0,0,0,113,0,,,,Cold,
240,8,2,40,0,0,0,117,0,,,,Cold,
240,8,3,40,0,0,0,117,0,,,,Cold,
240,8,4,40,0,0,0,115,4,,,,Cold,
240,8,5,40,0,0,0,127,20,,,,Cold,
240,8,6,50,0,0,0,133,40,,,,Cold,
240,8,7,50,0,0,0,143,63,,,,Cold,
240,8,8,50,-1,1,0,141,35,,Rain,,Cold,
240,8,9,50,-1,1,0,154,97,,Rain,,Cold,Sunny
240,8,10,60,-1,1,0,166,112,,Rain,,Cold,Sunny
240,8,11,90,0,0,0,172,260,Heavy Wind,,,Cold,Sunny
240,8,12,90,0,0,0,178,296,Heavy Wind,,,Cold,Sunny
240,8,13,80,0,0,0,166,347,Heavy Wind,,,Cold,Sunny
240,8,14,80,0,0,0,161,197,Heavy Wind,,,Cold,Sunny
240,8,15,80,0,0,0,155,142,Heavy Wind,,,Cold,Sunny
240,8,16,70,0,0,0,160,95,,,,Cold,Sunny
240,8,17,80,4,1,0,129,40,Heavy Wind,Rain,,Cold,
240,8,18,40,-1,1,0,137,77,,Rain,,Cold,Sunny
240,8,19,50,0,0,0,128,37,,,,Cold,
240,8,20,40,0,0,0,116,13,,,,Cold,
240,8,21,20,0,0,0,103,0,,,,Cold,
240,8,22,20,0,0,0,98,0,,,,Cold,
240,8,23,20,0,0,0,91,0,,,,Cold,
240,8,24,30,0,0,0,87,0,,,,Cold,
240,9,1,40,0,0,0,98,0,,,,Cold,
240,9,2,40,0,0,0,97,0,,,,Cold,
240,9,3,40,0,0,0,103,0,,,,Cold,
240,9,4,40,0,0,0,103,4,,,,Cold,
240,9,5,30,0,0,0,118,32,,,,Cold,
240,9,6,40,0,0,0,136,86,,,,Cold,Sunny
240,9,7,60,0,0,0,133,136,,,,Cold,Sunny
240,9,8,70,0,0,0,149,172,,,,Cold,Sunny
240,9,9,70,0,0,0,152,222,,,,Cold,Sunny
240,9,10,80,0,0,0,157,282,Heavy Wind,,,Cold,Sunny
240,9,11,90,0,0,0,151,225,Heavy Wind,,,Cold,Sunny
240,9,12,90,0,0,0,150,181,Heavy Wind,,,Cold,Sunny
240,9,13,80,0,0,0,145,259,Heavy Wind,,,Cold,Sunny
240,9,14,80,0,0,0,145,210,Heavy Wind,,,Cold,Sunny
240,9,15,80,0,0,0,138,134,Heavy Wind,,,Cold,Sunny
240,9,16,60,0,0,0,159,130,,,,Cold,Sunny
240,9,17,70,0,0,0,146,120,,,,Cold,Sunny
240,9,18,70,0,0,0,141,37,,,,Cold,
240,9,19,60,0,0,0,138,16,,,,Cold,
240,9,20,50,-1,1,0,123,3,,Rain,,Cold,
240,9,21,30,3,1,0,121,0,,Rain,,Cold,
240,9,22,30,-1,1,0,127,0,,Rain,,Cold,
240,9,23,30,-1,1,0,127,0,,Rain,,Cold,
240,9,24,30,-1,1,0,124,0,,Rain,,Cold,
240,10,1,30,0,0,0,124,0,,,,Cold,
240,10,2,10,-1,1,0,123,0,,Rain,,Cold,
240,10,3,10,1,1,0,119,0,,Rain,,Cold,
240,10,4,20,5,1,0,117,1,,Rain,,Cold,
240,10,5,10,12,1,0,118,4,,Rain,,Cold,
240,10,6,20,18,1,0,118,8,,Rain,,Cold,
240,10,7,40,26,1,0,118,20,,Heavy Rain,,Cold,
240,10,8,50,39,1,0,121,30,,Heavy Rain,,Cold,
240,10,9,50,44,1,0,122,28,,Heavy Rain,,Cold,
240,10,10,50,19,1,0,132,61,,Rain,,Cold,
240,10,11,60,15,1,0,129,59,,Rain,,Cold,
240,10,12,60,2,1,0,143,122,,Rain,,Cold,Sunny
240,10,13,70,0,0,0,139,157,,,,Cold,Sunny
240,10,14,60,-1,1,1,120,63,,Rain,Thunderstorm,Cold,
240,10,15,90,6,1,1,101,40,Heavy Wind,Rain,Thunderstorm,Cold,
240,10,16,100,25,1,0,93,32,Heavy Wind,Heavy Rain,,Cold,
240,10,17,80,18,1,0,93,29,Heavy Wind,Rain,,Cold,
240,10,18,60,31,1,0,92,16,,Heavy Rain,,Cold,
240,10,19,50,23,1,0,101,10,,Rain,,Cold,
240,10,20,50,6,1,0,103,4,,Rain,,Cold,
240,10,21,50,2,1,0,105,0,,Rain,,Cold,
240,10,22,40,5,1,0,103,0,,Rain,,Cold,
240,10,23,30,0,0,0,91,0,,,,Cold,
240,10,24,30,0,0,0,95,0,,,,Cold,
240,11,1,50,0,0,0,95,0,,,,Cold,
240,11,2,40,0,0,0,100,0,,,,Cold,
240,11,3,50,3,1,0,101,0,,Rain,,Cold,
240,11,4,50,6,1,0,99,6,,Rain,,Cold,
240,11,5,40,20,1,0,106,23,,Rain,,Cold,
240,11,6,50,13,1,0,113,21,,Rain,,Cold,
240,11,7,60,-1,1,0,126,107,,Rain,,Cold,Sunny
240,11,8,70,0,0,0,132,161,,,,Cold,Sunny
240,11,9,70,0,0,0,128,174,,,,Cold,Sunny
240,11,10,70,4,1,0,140,175,,Rain,,Cold,Sunny
240,11,11,70,0,0,0,133,220,,,,Cold,Sunny
240,11,12,70,2,1,0,121,180,,Rain,,Cold,Sunny
240,11,13,70,4,1,0,133,174,,Rain,,Cold,Sunny
240,11,14,70,0,0,0,149,224,,,,Cold,Sunny
240,11,15,80,0,0,0,149,215,Heavy Wind,,,Cold,Sunny
240,11,16,80,0,0,0,141,170,Heavy Wind,,,Cold,Sunny
240,11,17,80,0,0,0,130,148,Heavy Wind,,,Cold,Sunny
240,11,18,50,6,1,0,118,40,,Rain,,Cold,
240,11,19,40,3,1,0,116,14,,Rain,,Cold,
240,11,20,40,2,1,0,108,3,,Rain,,Cold,
240,11,21,30,1,1,0,108,0,,Rain,,Cold,
240,11,22,20,0,0,0,97,0,,,,Cold,
240,11,23,20,-1,1,0,100,0,,Rain,,Cold,
240,11,24,20,0,0,0,98,0,,,,Cold,
240,12,1,20,0,0,0,102,0,,,,Cold,
240,12,2,30,0,0,0,99,0,,,,Cold,
240,12,3,20,-1,1,0,92,0,,Rain,,Cold,
240,12,4,20,0,0,0,96,1,,,,Cold,
240,12,5,30,1,1,0,101,18,,Rain,,Cold,
240,12,6,40,-1,1,0,117,71,,Rain,,Cold,Sunny
240,12,7,50,-1,1,0,112,95,,Rain,,Cold,Sunny
240,12,8,40,6,1,0,118,81,,Rain,,Cold,Sunny
240,12,9,60,0,0,0,124,141,,,,Cold,Sunny
240,12,10,70,0,0,0,133,147,,,,Cold,Sunny
240,12,11,70,0,0,0,134,179,,,,Cold,Sunny
240,12,12,70,0,0,0,140,236,,,,Cold,Sunny
240,12,13,70,0,0,0,145,227,,,,Cold,Sunny
240,12,14,70,0,0,0,137,193,,,,Cold,Sunny
240,12,15,70,0,0,0,133,194,,,,Cold,Sunny
240,12,16,50,9,1,0,108,58,,Rain,,Cold,
240,12,17,50,6,1,0,110,37,,Rain,,Cold,
240,12,18,30,-1,1,0,118,41,,Rain,,Cold,
240,12,19,30,0,0,0,116,21,,,,Cold,
240,12,20,30,0,0,0,113,3,,,,Cold,
240,12,21,30,-1,1,0,112,0,,Rain,,Cold,
240,12,22,30,-1,1,0,108,0,,Rain,,Cold,
240,12,23,20,0,0,0,106,0,,,,Cold,
240,12,24,30,0,0,0,104,0,,,,Cold,
240,13,1,30,0,0,0,108,0,,,,Cold,
240,13,2,40,0,0,0,111,0,,,,Cold,
240,13,3,40,0,0,0,109,0,,,,Cold,
240,13,4,30,0,0,0,109,1,,,,Cold,
240,13,5,40,0,0,0,113,10,,,,Cold,
240,13,6,40,0,0,0,129,61,,,,Cold,
240,13,7,60,0,0,0,138,137,,,,Cold,Sunny
240,13,8,60,0,0,0,152,195,,,,Cold,Sunny
240,13,9,60,0,0,0,164,239,,,,Cold,Sunny
240,13,10,70,0,0,0,173,265,,,,Cold,Sunny
240,13,11,60,0,0,0,162,178,,,,Cold,Sunny
240,13,12,50,0,0,0,159,159,,,,Cold,Sunny
240,13,13,50,0,0,0,153,188,,,,Cold,Sunny
240,13,14,60,0,0,0,176,213,,,,Cold,Sunny
240,13,15,50,0,0,0,174,225,,,,Cold,Sunny
240,13,16,40,0,0,0,171,137,,,,Cold,Sunny
240,13,17,30,0,0,0,160,89,,,,Cold,Sunny
240,13,18,30,0,0,0,154,34,,,,Cold,
240,13,19,20,0,0,0,146,18,,,,Cold,
240,13,20,20,0,0,0,139,5,,,,Cold,
240,13,21,10,0,0,0,138,0,,,,Cold,
240,13,22,10,0,0,0,131,0,,,,Cold,
240,13,23,20,0,0,0,132,0,,,,Cold,
240,13,24,30,0,0,0,136,0,,,,Cold,
240,14,1,30,-1,1,0,141,0,,Rain,,Cold,
240,14,2,30,1,1,0,140,0,,Rain,,Cold,
240,14,3,40,-1,1,0,139,0,,Rain,,Cold,
240,14,4,40,0,0,0,136,2,,,,Cold,
240,14,5,40,0,0,0,138,13,,,,Cold,
240,14,6,60,-1,1,0,138,27,,Rain,,Cold,
240,14,7,70,-1,1,0,136,16,,Rain,,Cold,
240,14,8,60,0,0,0,141,35,,,,Cold,
240,14,9,70,0,0,0,138,32,,,,Cold,
240,14,10,70,0,0,0,149,64,,,,Cold,
240,14,11,80,-1,1,0,145,57,Heavy Wind,Rain,,Cold,
240,14,12,60,-1,1,0,159,125,,Rain,,Cold,Sunny
240,14,13,70,0,0,0,169,150,,,,Cold,Sunny
240,14,14,70,0,0,0,171,136,,,,Cold,Sunny
240,14,15,60,18,1,0,141,46,,Rain,,Cold,
240,14,16,30,2,1,0,172,153,,Rain,,Cold,Sunny
240,14,17,50,0,0,0,180,116,,,,Cold,Sunny
240,14,18,60,0,0,0,175,61,,,,Cold,
240,14,19,50,0,0,0,171,51,,,,Cold,
240,14,20,50,0,0,0,166,8,,,,Cold,
240,14,21,30,12,1,0,154,0,,Rain,,Cold,
240,14,22,30,16,1,0,142,0,,Rain,,Cold,
240,14,23,20,1,1,0,136,0,,Rain,,Cold,
240,14,24,10,0,0,0,124,0,,,,Cold,
240,15,1,20,0,0,0,128,0,,,,Cold,
240,15,2,30,7,1,0,136,0,,Rain,,Cold,
240,15,3,40,1,1,0,134,0,,Rain,,Cold,
240,15,4,40,0,0,0,133,1,,,,Cold,
240,15,5,50,34,1,1,119,5,,Heavy Rain,Thunderstorm,Cold,
240,15,6,70,5,1,1,119,15,,Rain,Thunderstorm,Cold,
240,15,7,70,10,1,0,119,39,,Rain,,Cold,
240,15,8,90,-1,1,0,138,144,Heavy Wind,Rain,,Cold,Sunny
240,15,9,100,-1,1,0,150,126,Heavy Wind,Rain,,Cold,Sunny
240,15,10,120,0,0,0,152,247,Heavy Wind,,,Cold,Sunny
240,15,11,120,0,0,0,163,269,Heavy Wind,,,Cold,Sunny
240,15,12,110,0,0,0,177,233,Heavy Wind,,,Cold,Sunny
240,15,13,100,-1,1,0,160,115,Heavy Wind,Rain,,Cold,Sunny
240,15,14,100,-1,1,0,166,81,Heavy Wind,Rain,,Cold,Sunny
240,15,15,100,1,1,0,159,65,Heavy Wind,Rain,,Cold,
240,15,16,100,2,1,0,154,29,Heavy Wind,Rain,,Cold,
240,15,17,110,-1,1,0,151,58,Heavy Wind,Rain,,Cold,
240,15,18,100,-1,1,0,149,60,Heavy Wind,Rain,,Cold,
240,15,19,80,0,0,0,147,38,Heavy Wind,,,Cold,
240,15,20,80,0,0,0,143,5,Heavy Wind,,,Cold,
240,15,21,60,0,0,0,134,0,,,,Cold,
240,15,22,60,0,0,0,134,0,,,,Cold,
240,15,23,70,-1,1,0,131,0,,Rain,,Cold,
240,15,24,60,0,0,0,130,0,,,,Cold,
240,16,1,60,0,0,0,129,0,,,,Cold,
240,16,2,60,0,0,0,131,0,,,,Cold,
240,16,3,50,0,0,0,124,0,,,,Cold,
240,16,4,50,0,0,0,126,3,,,,Cold,
240,16,5,60,0,0,0,131,23,,,,Cold,
240,16,6,70,0,0,0,143,38,,,,Cold,
240,16,7,80,0,0,0,147,83,Heavy Wind,,,Cold,Sunny
240,16,8,80,0,0,0,153,117,Heavy Wind,,,Cold,Sunny
240,16,9,80,0,0,0,161,133,Heavy Wind,,,Cold,Sunny
240,16,10,90,0,0,0,163,166,Heavy Wind,,,Cold,Sunny
240,16,11,70,3,1,0,169,119,,Rain,,Cold,Sunny
240,16,12,80,1,1,0,157,177,Heavy Wind,Rain,,Cold,Sunny
240,16,13,70,4,1,0,167,147,,Rain,,Cold,Sunny
240,16,14,60,8,1,1,160,84,,Rain,Thunderstorm,Cold,Sunny
240,16,15,60,2,1,0,166,152,,Rain,,Cold,Sunny
240,16,16,70,0,0,0,170,183,,,,Cold,Sunny
240,16,17,90,0,0,0,174,168,Heavy Wind,,,Cold,Sunny
240,16,18,80,0,0,0,169,111,Heavy Wind,,,Cold,Sunny
240,16,19,70,0,0,0,162,54,,,,Cold,
240,16,20,60,0,0,0,151,14,,,,Cold,
240,16,21,40,0,0,0,140,0,,,,Cold,
240,16,22,30,0,0,0,125,0,,,,Cold,
240,16,23,30,0,0,0,135,0,,,,Cold,
240,16,24,40,0,0,0,137,0,,,,Cold,
240,17,1,40,0,0,0,138,0,,,,Cold,
240,17,2,40,0,0,0,125,0,,,,Cold,
240,17,3,30,0,0,0,126,0,,,,Cold,
240,17,4,30,0,0,0,120,3,,,,Cold,
240,17,5,30,0,0,0,133,22,,,,Cold,
240,17,6,50,0,0,0,151,84,,,,Cold,Sunny
240,17,7,60,0,0,0,156,137,,,,Cold,Sunny
240,17,8,50,0,0,0,167,131,,,,Cold,Sunny
240,17,9,50,0,0,0,182,118,,,,Cold,Sunny
240,17,10,60,0,0,0,186,192,,,,Cold,Sunny
240,17,11,60,0,0,0,182,236,,,,Cold,Sunny
240,17,12,70,0,0,0,191,267,,,,Cold,Sunny
240,17,13,70,0,0,0,192,301,,,,Cold,Sunny
240,17,14,60,0,0,0,192,305,,,,Cold,Sunny
240,17,15,60,0,0,0,192,268,,,,Cold,Sunny
240,17,16,60,0,0,0,191,221,,,,Cold,Sunny
240,17,17,50,0,0,0,186,166,,,,Cold,Sunny
240,17,18,50,0,0,0,185,113,,,,Cold,Sunny
240,17,19,40,0,0,0,175,56,,,,Cold,
240,17,20,40,0,0,0,161,14,,,,Cold,
240,17,21,20,0,0,0,134,0,,,,Cold,
240,17,22,0,0,0,0,130,0,,,,Cold,
240,17,23,0,0,0,0,128,0,,,,Cold,
240,17,24,20,0,0,0,112,0,,,,Cold,
240,18,1,10,0,0,0,110,0,,,,Cold,
240,18,2,10,0,0,0,108,0,,,,Cold,
240,18,3,10,0,0,0,110,0,,,,Cold,
240,18,4,10,0,0,0,116,6,,,,Cold,
240,18,5,10,0,0,0,136,23,,,,Cold,
240,18,6,0,0,0,0,157,48,,,,Cold,
240,18,7,10,4,1,0,156,36,,Rain,,Cold,
240,18,8,10,-1,1,0,168,78,,Rain,,Cold,Sunny
240,18,9,10,0,0,0,174,88,,,,Cold,Sunny
240,18,10,20,0,0,0,181,92,,,,Cold,Sunny
240,18,11,20,-1,1,0,183,86,,Rain,,Cold,Sunny
240,18,12,30,-1,1,0,177,78,,Rain,,Cold,Sunny
240,18,13,30,-1,1,0,174,81,,Rain,,Cold,Sunny
240,18,14,20,-1,1,0,176,58,,Rain,,Cold,
240,18,15,30,1,1,0,170,41,,Rain,,Cold,
240,18,16,20,1,1,0,173,38,,Rain,,Cold,
240,18,17,20,-1,1,0,172,45,,Rain,,Cold,
240,18,18,10,0,0,0,173,36,,,,Cold,
240,18,19,10,0,0,0,168,19,,,,Cold,
240,18,20,20,0,0,0,160,6,,,,Cold,
240,18,21,10,0,0,0,151,0,,,,Cold,
240,18,22,20,0,0,0,154,0,,,,Cold,
240,18,23,20,0,0,0,147,0,,,,Cold,
240,18,24,20,0,0,0,141,0,,,,Cold,
240,19,1,20,0,0,0,135,0,,,,Cold,
240,19,2,30,0,0,0,135,0,,,,Cold,
240,19,3,30,0,0,0,128,0,,,,Cold,
240,19,4,20,0,0,0,129,4,,,,Cold,
240,19,5,30,0,0,0,142,36,,,,Cold,
240,19,6,40,0,0,0,149,81,,,,Cold,Sunny
240,19,7,40,0,0,0,160,135,,,,Cold,Sunny
240,19,8,50,0,0,0,169,203,,,,Cold,Sunny
240,19,9,50,0,0,0,180,249,,,,Cold,Sunny
240,19,10,40,0,0,0,169,214,,,,Cold,Sunny
240,19,11,40,0,0,0,195,259,,,,Cold,Sunny
240,19,12,40,0,0,0,180,219,,,,Cold,Sunny
240,19,13,50,0,0,0,179,177,,,,Cold,Sunny
240,19,14,50,0,0,0,192,226,,,,Cold,Sunny
240,19,15,50,0,0,0,186,258,,,,Cold,Sunny
240,19,16,50,0,0,0,184,228,,,,Cold,Sunny
240,19,17,50,0,0,0,176,169,,,,Cold,Sunny
240,19,18,50,0,0,0,172,113,,,,Cold,Sunny
240,19,19,50,0,0,0,160,56,,,,Cold,
240,19,20,40,0,0,0,147,15,,,,Cold,
240,19,21,30,0,0,0,133,0,,,,Cold,
240,19,22,30,0,0,0,126,0,,,,Cold,
240,19,23,20,0,0,0,120,0,,,,Cold,
240,19,24,20,0,0,0,114,0,,,,Cold,
240,20,1,10,0,0,0,108,0,,,,Cold,
240,20,2,10,0,0,0,101,0,,,,Cold,
240,20,3,10,0,0,0,103,0,,,,Cold,
240,20,4,10,0,0,0,109,5,,,,Cold,
240,20,5,20,0,0,0,122,21,,,,Cold,
240,20,6,40,0,0,0,133,41,,,,Cold,
240,20,7,30,0,0,0,150,83,,,,Cold,Sunny
240,20,8,30,0,0,0,160,120,,,,Cold,Sunny
240,20,9,40,0,0,0,162,95,,,,Cold,Sunny
240,20,10,40,0,0,0,167,129,,,,Cold,Sunny
240,20,11,40,0,0,0,179,179,,,,Cold,Sunny
240,20,12,40,0,0,0,190,214,,,,Cold,Sunny
240,20,13,40,0,0,0,191,178,,,,Cold,Sunny
240,20,14,40,0,0,0,200,270,,,,Cold,Sunny
240,20,15,40,0,0,0,210,250,,,,Warm,Sunny
240,20,16,40,0,0,0,201,187,,,,Warm,Sunny
240,20,17,40,0,0,0,190,82,,,,Cold,Sunny
240,20,18,30,0,0,0,185,27,,,,Cold,
240,20,19,40,0,0,0,182,43,,,,Cold,
240,20,20,40,0,0,0,171,8,,,,Cold,
240,20,21,40,0,0,0,164,0,,,,Cold,
240,20,22,30,0,0,0,155,0,,,,Cold,
240,20,23,30,0,0,0,153,0,,,,Cold,
240,20,24,30,0,0,0,145,0,,,,Cold,
240,21,1,20,0,0,0,133,0,,,,Cold,
240,21,2,20,0,0,0,143,0,,,,Cold,
240,21,3,20,0,0,0,134,0,,,,Cold,
240,21,4,20,0,0,0,143,3,,,,Cold,
240,21,5,20,0,0,0,148,15,,,,Cold,
240,21,6,20,0,0,0,154,25,,,,Cold,
240,21,7,20,0,0,0,161,41,,,,Cold,
240,21,8,30,0,0,0,170,68,,,,Cold,Sunny
240,21,9,20,0,0,0,175,50,,,,Cold,
240,21,10,30,0,0,0,181,61,,,,Cold,
240,21,11,30,0,0,0,188,78,,,,Cold,Sunny
240,21,12,30,0,0,0,188,79,,,,Cold,Sunny
240,21,13,30,-1,1,0,179,30,,Rain,,Cold,
240,21,14,40,11,1,0,174,36,,Rain,,Cold,
240,21,15,40,2,1,0,168,54,,Rain,,Cold,
240,21,16,30,-1,1,0,172,45,,Rain,,Cold,
240,21,17,40,-1,1,0,168,44,,Rain,,Cold,
240,21,18,60,-1,1,0,162,46,,Rain,,Cold,
240,21,19,50,-1,1,0,158,12,,Rain,,Cold,
240,21,20,50,-1,1,0,154,6,,Rain,,Cold,
240,21,21,40,0,0,0,140,0,,,,Cold,
240,21,22,30,0,0,0,132,0,,,,Cold,
240,21,23,20,0,0,0,128,0,,,,Cold,
240,21,24,20,0,0,0,138,0,,,,Cold,
240,22,1,30,0,0,0,140,0,,,,Cold,
240,22,2,40,0,0,0,142,0,,,,Cold,
240,22,3,40,0,0,0,138,0,,,,Cold,
240,22,4,40,0,0,0,138,2,,,,Cold,
240,22,5,40,0,0,0,144,22,,,,Cold,
240,22,6,50,0,0,0,158,59,,,,Cold,
240,22,7,60,0,0,0,166,91,,,,Cold,Sunny
240,22,8,60,0,0,0,170,139,,,,Cold,Sunny
240,22,9,60,0,0,0,173,166,,,,Cold,Sunny
240,22,10,60,0,0,0,176,181,,,,Cold,Sunny
240,22,11,60,0,0,0,177,173,,,,Cold,Sunny
240,22,12,60,0,0,0,182,225,,,,Cold,Sunny
240,22,13,60,0,0,0,191,285,,,,Cold,Sunny
240,22,14,50,0,0,0,191,248,,,,Cold,Sunny
240,22,15,50,0,0,0,195,232,,,,Cold,Sunny
240,22,16,60,0,0,0,188,204,,,,Cold,Sunny
240,22,17,50,0,0,0,186,141,,,,Cold,Sunny
240,22,18,40,0,0,0,183,110,,,,Cold,Sunny
240,22,19,40,0,0,0,171,44,,,,Cold,
240,22,20,30,0,0,0,151,11,,,,Cold,
240,22,21,30,0,0,0,157,0,,,,Cold,
240,22,22,20,0,0,0,152,0,,,,Cold,
240,22,23,20,0,0,0,149,0,,,,Cold,
240,22,24,20,0,0,0,138,0,,,,Cold,
240,23,1,20,0,0,0,136,0,,,,Cold,
240,23,2,10,0,0,0,126,0,,,,Cold,
240,23,3,20,0,0,0,126,0,,,,Cold,
240,23,4,20,0,0,0,132,4,,,,Cold,
240,23,5,20,0,0,0,150,33,,,,Cold,
240,23,6,20,0,0,0,168,81,,,,Cold,Sunny
240,23,7,20,0,0,0,183,135,,,,Cold,Sunny
240,23,8,20,0,0,0,197,189,,,,Cold,Sunny
240,23,9,20,0,0,0,212,242,,,,Warm,Sunny
240,23,10,30,0,0,0,215,218,,,,Warm,Sunny
240,23,11,40,0,0,0,213,86,,,,Warm,Sunny
240,23,12,40,0,0,0,230,317,,,,Warm,Sunny
240,23,13,50,0,0,0,227,320,,,,Warm,Sunny
240,23,14,50,0,0,0,224,298,,,,Warm,Sunny
240,23,15,60,0,0,0,224,262,,,,Warm,Sunny
240,23,16,50,0,0,0,213,217,,,,Warm,Sunny
240,23,17,50,0,0,0,206,164,,,,Warm,Sunny
240,23,18,40,0,0,0,202,109,,,,Warm,Sunny
240,23,19,30,0,0,0,190,53,,,,Cold,
240,23,20,20,0,0,0,172,13,,,,Cold,
240,23,21,20,0,0,0,162,0,,,,Cold,
240,23,22,20,0,0,0,151,0,,,,Cold,
240,23,23,10,0,0,0,146,0,,,,Cold,
240,23,24,0,0,0,0,139,0,,,,Cold,
240,24,1,0,0,0,0,137,0,,,,Cold,
240,24,2,0,0,0,0,132,0,,,,Cold,
240,24,3,10,0,0,0,126,0,,,,Cold,
240,24,4,0,0,0,0,132,4,,,,Cold,
240,24,5,0,0,0,0,156,32,,,,Cold,
240,24,6,10,0,0,0,180,81,,,,Cold,Sunny
240,24,7,10,0,0,0,197,135,,,,Cold,Sunny
240,24,8,10,0,0,0,208,189,,,,Warm,Sunny
240,24,9,10,0,0,0,217,240,,,,Warm,Sunny
240,24,10,20,0,0,0,224,277,,,,Warm,Sunny
240,24,11,20,0,0,0,230,312,,,,Warm,Sunny
240,24,12,20,0,0,0,237,257,,,,Warm,Sunny
240,24,13,20,0,0,0,241,304,,,,Warm,Sunny
240,24,14,20,0,0,0,246,284,,,,Warm,Sunny
240,24,15,20,0,0,0,251,247,,,,Warm,Sunny
240,24,16,30,0,0,0,246,146,,,,Warm,Sunny
240,24,17,40,0,0,0,239,134,,,,Warm,Sunny
240,24,18,40,0,0,0,231,104,,,,Warm,Sunny
240,24,19,30,0,0,0,220,50,,,,Warm,
240,24,20,30,0,0,0,203,12,,,,Warm,
240,24,21,30,0,0,0,199,0,,,,Cold,
240,24,22,40,0,0,0,195,0,,,,Cold,
240,24,23,40,0,0,0,183,0,,,,Cold,
240,24,24,20,0,0,0,168,0,,,,Cold,
240,25,1,30,0,0,0,167,0,,,,Cold,
240,25,2,20,0,0,0,159,0,,,,Cold,
240,25,3,20,0,0,0,161,0,,,,Cold,
240,25,4,20,0,0,0,165,4,,,,Cold,
240,25,5,10,0,0,0,190,31,,,,Cold,
240,25,6,20,0,0,0,202,79,,,,Warm,Sunny
240,25,7,20,0,0,0,219,135,,,,Warm,Sunny
240,25,8,30,0,0,0,232,190,,,,Warm,Sunny
240,25,9,30,0,0,0,250,242,,,,Warm,Sunny
240,25,10,40,0,0,0,250,282,,,,Warm,Sunny
240,25,11,40,0,0,0,260,307,,,,Warm,Sunny
240,25,12,50,0,0,0,260,317,,,,Warm,Sunny
240,25,13,40,0,0,0,266,312,,,,Warm,Sunny
240,25,14,40,0,0,0,271,283,,,,Warm,Sunny
240,25,15,40,0,0,0,271,254,,,,Warm,Sunny
240,25,16,50,0,0,0,270,209,,,,Warm,Sunny
240,25,17,50,0,0,0,263,156,,,,Warm,Sunny
240,25,18,50,0,0,0,257,102,,,,Warm,Sunny
240,25,19,50,0,0,0,246,49,,,,Warm,
240,25,20,50,0,0,0,234,12,,,,Warm,
240,25,21,40,0,0,0,220,0,,,,Warm,
240,25,22,30,0,0,0,213,0,,,,Warm,
240,25,23,40,0,0,0,209,0,,,,Warm,
240,25,24,40,0,0,0,203,0,,,,Warm,
240,26,1,40,0,0,0,200,0,,,,Cold,
240,26,2,30,0,0,0,194,0,,,,Cold,
240,26,3,30,0,0,0,190,0,,,,Cold,
240,26,4,30,0,0,0,190,3,,,,Cold,
240,26,5,30,0,0,0,204,32,,,,Warm,
240,26,6,30,0,0,0,219,79,,,,Warm,Sunny
240,26,7,20,0,0,0,235,134,,,,Warm,Sunny
240,26,8,20,0,0,0,254,187,,,,Warm,Sunny
240,26,9,30,0,0,0,268,237,,,,Warm,Sunny
240,26,10,40,0,0,0,271,281,,,,Warm,Sunny
240,26,11,40,0,0,0,273,308,,,,Warm,Sunny
240,26,12,40,0,0,0,276,318,,,,Warm,Sunny
240,26,13,40,0,0,0,282,313,,,,Warm,Sunny
240,26,14,30,0,0,0,286,285,,,,Warm,Sunny
240,26,15,30,0,0,0,288,256,,,,Warm,Sunny
240,26,16,30,0,0,0,287,210,,,,Warm,Sunny
240,26,17,30,0,0,0,284,158,,,,Warm,Sunny
240,26,18,30,0,0,0,274,103,,,,Warm,Sunny
240,26,19,30,0,0,0,260,50,,,,Warm,
240,26,20,20,0,0,0,246,11,,,,Warm,
240,26,21,20,0,0,0,236,0,,,,Warm,
240,26,22,10,0,0,0,219,0,,,,Warm,
240,26,23,10,0,0,0,208,0,,,,Warm,
240,26,24,10,0,0,0,203,0,,,,Warm,
240,27,1,10,0,0,0,185,0,,,,Cold,
240,27,2,20,0,0,0,195,0,,,,Cold,
240,27,3,20,0,0,0,196,0,,,,Cold,
240,27,4,20,0,0,0,187,3,,,,Cold,
240,27,5,20,0,0,0,195,27,,,,Cold,
240,27,6,20,0,0,0,216,72,,,,Warm,Sunny
240,27,7,30,0,0,0,222,99,,,,Warm,Sunny
240,27,8,30,0,0,0,241,176,,,,Warm,Sunny
240,27,9,40,0,0,0,256,233,,,,Warm,Sunny
240,27,10,60,0,0,0,265,280,,,,Warm,Sunny
240,27,11,70,0,0,0,270,309,,,,Warm,Sunny
240,27,12,70,0,0,0,265,303,,,,Warm,Sunny
240,27,13,70,0,0,0,265,284,,,,Warm,Sunny
240,27,14,60,0,0,0,271,289,,,,Warm,Sunny
240,27,15,50,0,0,0,266,225,,,,Warm,Sunny
240,27,16,70,0,0,0,254,169,,,,Warm,Sunny
240,27,17,80,0,0,0,214,101,Heavy Wind,,,Warm,Sunny
240,27,18,80,0,0,0,209,73,Heavy Wind,,,Warm,Sunny
240,27,19,60,0,0,0,195,29,,,,Cold,
240,27,20,60,0,0,0,188,6,,,,Cold,
240,27,21,60,0,0,0,187,0,,,,Cold,
240,27,22,60,0,0,0,181,0,,,,Cold,
240,27,23,60,0,0,0,174,0,,,,Cold,
240,27,24,60,0,0,0,171,0,,,,Cold,
240,28,1,60,0,0,0,168,0,,,,Cold,
240,28,2,50,0,0,0,167,0,,,,Cold,
240,28,3,40,0,0,0,161,0,,,,Cold,
240,28,4,50,0,0,0,160,2,,,,Cold,
240,28,5,50,0,0,0,162,25,,,,Cold,
240,28,6,70,0,0,0,167,75,,,,Cold,Sunny
240,28,7,80,0,0,0,174,113,Heavy Wind,,,Cold,Sunny
240,28,8,70,0,0,0,175,158,,,,Cold,Sunny
240,28,9,70,0,0,0,189,194,,,,Cold,Sunny
240,28,10,80,0,0,0,194,253,Heavy Wind,,,Cold,Sunny
240,28,11,80,0,0,0,188,284,Heavy Wind,,,Cold,Sunny
240,28,12,80,0,0,0,183,300,Heavy Wind,,,Cold,Sunny
240,28,13,70,0,0,0,194,309,,,,Cold,Sunny
240,28,14,80,0,0,0,189,300,Heavy Wind,,,Cold,Sunny
240,28,15,100,0,0,0,192,240,Heavy Wind,,,Cold,Sunny
240,28,16,80,0,0,0,190,200,Heavy Wind,,,Cold,Sunny
240,28,17,70,0,0,0,184,155,,,,Cold,Sunny
240,28,18,50,0,0,0,183,107,,,,Cold,Sunny
240,28,19,50,0,0,0,173,53,,,,Cold,
240,28,20,50,0,0,0,163,13,,,,Cold,
240,28,21,30,0,0,0,155,0,,,,Cold,
240,28,22,20,0,0,0,151,0,,,,Cold,
240,28,23,20,0,0,0,147,0,,,,Cold,
240,28,24,30,0,0,0,149,0,,,,Cold,
240,29,1,20,0,0,0,141,0,,,,Cold,
240,29,2,10,0,0,0,127,0,,,,Cold,
240,29,3,20,0,0,0,120,0,,,,Cold,
240,29,4,20,0,0,0,130,4,,,,Cold,
240,29,5,20,0,0,0,144,33,,,,Cold,
240,29,6,20,0,0,0,157,57,,,,Cold,
240,29,7,20,0,0,0,172,112,,,,Cold,Sunny
240,29,8,20,0,0,0,189,179,,,,Cold,Sunny
240,29,9,20,0,0,0,197,215,,,,Cold,Sunny
240,29,10,20,0,0,0,210,268,,,,Warm,Sunny
240,29,11,20,0,0,0,214,284,,,,Warm,Sunny
240,29,12,20,0,0,0,226,253,,,,Warm,Sunny
240,29,13,20,0,0,0,228,289,,,,Warm,Sunny
240,29,14,20,0,0,0,233,289,,,,Warm,Sunny
240,29,15,30,0,0,0,231,251,,,,Warm,Sunny
240,29,16,50,0,0,0,216,205,,,,Warm,Sunny
240,29,17,60,0,0,0,204,86,,,,Warm,Sunny
240,29,18,50,0,0,0,193,32,,,,Cold,
240,29,19,40,-1,1,0,189,6,,Rain,,Cold,
240,29,20,40,-1,1,0,193,4,,Rain,,Cold,
240,29,21,40,0,0,0,191,0,,,,Cold,
240,29,22,40,0,0,0,187,0,,,,Cold,
240,29,23,30,0,0,0,185,0,,,,Cold,
240,29,24,30,0,0,0,184,0,,,,Cold,
240,30,1,30,0,0,0,180,0,,,,Cold,
240,30,2,30,0,0,0,170,0,,,,Cold,
240,30,3,30,0,0,0,164,0,,,,Cold,
240,30,4,40,0,0,0,162,1,,,,Cold,
240,30,5,40,0,0,0,170,12,,,,Cold,
240,30,6,40,0,0,0,174,35,,,,Cold,
240,30,7,50,0,0,0,177,65,,,,Cold,
240,30,8,50,0,0,0,189,109,,,,Cold,Sunny
240,30,9,50,0,0,0,196,145,,,,Cold,Sunny
240,30,10,60,0,0,0,199,216,,,,Cold,Sunny
240,30,11,60,0,0,0,201,232,,,,Warm,Sunny
240,30,12,60,0,0,0,195,221,,,,Cold,Sunny
240,30,13,70,0,0,0,198,264,,,,Cold,Sunny
240,30,14,70,0,0,0,187,205,,,,Cold,Sunny
240,30,15,60,0,0,0,177,107,,,,Cold,Sunny
240,30,16,50,0,0,0,178,76,,,,Cold,Sunny
240,30,17,40,-1,1,0,175,48,,Rain,,Cold,
240,30,18,50,4,1,0,152,8,,Rain,,Cold,
240,30,19,40,6,1,0,149,4,,Rain,,Cold,
240,30,20,40,0,0,0,151,1,,,,Cold,
240,30,21,40,-1,1,0,147,0,,Rain,,Cold,
240,30,22,30,-1,1,0,145,0,,Rain,,Cold,
240,30,23,30,-1,1,0,143,0,,Rain,,Cold,
240,30,24,30,-1,1,0,139,0,,Rain,,Cold,
